Batch,Model,Timestamp,TestDataRow,Dialog,Generated_Summary,Reference_Summary,ROUGE-1,ROUGE-2,ROUGE-L,BERTScore-P,BERTScore-R,BERTScore-F1,BLEURT,Agg-Score
BLURO,gpt-4-1106-preview,2023-12-02 09:43:47,0,"Doctor: Good afternoon, sir. Did you just have a birthday? I don't have my chart with me right now, the nurse is bringing it. 
Patient: Good afternoon, sir. Yes, I just turned fifty five. 
Doctor: You identify as African American, correct? 
Patient: Yes, that's right. 
Doctor: When was your last visit, sir? 
Patient: Um, it was on July twenty ninth two thousand eight. 
Doctor: Yes, I see. Did we go over your M R I results? 
Patient: No, I was having those new seizures, remember?
Doctor: Yes, I do. Well, the M R I demonstrated right contrast temporal mass. 
Patient: What exactly does that mean, doctor? 
Doctor: Well, given this mass, and your new seizures, I am concerned that this could be a high grade glioma, we'll need to do more tests.","The patient is a 55-year-old African American male who had his last visit on 07/29/2008. He has been experiencing new onset seizures. The MRI results revealed a right contrast-enhancing temporal mass, which raises the doctor's concern for a possible high-grade glioma. Further testing will be needed to evaluate this finding.","The patient is a 55-year-old African-American male that was last seen in clinic on 07/29/2008 with diagnosis of new onset seizures and an MRI scan, which demonstrated right contrast-enhancing temporal mass.  Given the characteristics of this mass and his new onset seizures, it is significantly concerning for a high-grade glioma.",0.5789473684210527,0.375,0.5263157894736842,0.6265535354614258,0.6040681600570679,0.615912675857544,0.7370450496673584,0.5666441766839279
BLURO,gpt-4-1106-preview,2023-12-02 09:43:48,1,"Doctor: Any medical issues running in your families? 
Patient: Oh yes, stroke. 
Doctor: Anything else? 
Patient: Sleep apnea.",Family history includes stroke and sleep apnea.,Positive for stroke and sleep apnea.,0.6153846153846153,0.5454545454545454,0.6153846153846153,0.6666138172149658,0.6561356782913208,0.6619198322296143,0.6720549464225769,0.6220397109751935
